Filename,
https://tosdr.org/api/1/service/500px.json,
https://tosdr.org/api/1/service/allrecipes.json,
https://tosdr.org/api/1/service/amazon.json,
https://tosdr.org/api/1/service/app-net.json,
https://tosdr.org/api/1/service/apple-icloud.json,
https://tosdr.org/api/1/service/apple.json,
https://tosdr.org/api/1/service/bearshare.json,
https://tosdr.org/api/1/service/bit-ly.json,
https://tosdr.org/api/1/service/cloudant.json,
https://tosdr.org/api/1/service/couchsurfing.json,
https://tosdr.org/api/1/service/delicious.json,
https://tosdr.org/api/1/service/disqus.json,
https://tosdr.org/api/1/service/dropbox.json,
https://tosdr.org/api/1/service/duckduckgo.json,
https://tosdr.org/api/1/service/ebuddy.json,
https://tosdr.org/api/1/service/envato.json,
https://tosdr.org/api/1/service/evernote.json,
https://tosdr.org/api/1/service/facebook.json,
https://tosdr.org/api/1/service/faranow.json,
https://tosdr.org/api/1/service/flattr.json,
https://tosdr.org/api/1/service/flickr.json,
https://tosdr.org/api/1/service/freeforums.json,
https://tosdr.org/api/1/service/github.json,
https://tosdr.org/api/1/service/google.json,
https://tosdr.org/api/1/service/grammarly.json,
https://tosdr.org/api/1/service/gravatar.json,
https://tosdr.org/api/1/service/habbo.json,
https://tosdr.org/api/1/service/hypster.json,
https://tosdr.org/api/1/service/identi-ca.json,
https://tosdr.org/api/1/service/ifttt.json,
https://tosdr.org/api/1/service/informe.json,
https://tosdr.org/api/1/service/instagram.json,
https://tosdr.org/api/1/service/kolabnow.json,
https://tosdr.org/api/1/service/lastpass.json,
https://tosdr.org/api/1/service/microsoft-store.json,
https://tosdr.org/api/1/service/microsoft.json,
https://tosdr.org/api/1/service/mint.com.json,
https://tosdr.org/api/1/service/mykolab-com.json,
https://tosdr.org/api/1/service/nabble.json,
https://tosdr.org/api/1/service/netflix.json,
https://tosdr.org/api/1/service/olx.json,
https://tosdr.org/api/1/service/owncube.json,
https://tosdr.org/api/1/service/phpbb.json,
https://tosdr.org/api/1/service/rapidshare.json,
https://tosdr.org/api/1/service/runescape.json,
https://tosdr.org/api/1/service/seenthis.json,
https://tosdr.org/api/1/service/skype.json,
https://tosdr.org/api/1/service/sonic-net.json,
https://tosdr.org/api/1/service/soundcloud.json,
https://tosdr.org/api/1/service/spotify.json,
https://tosdr.org/api/1/service/steam.json,
https://tosdr.org/api/1/service/tumblr.json,
https://tosdr.org/api/1/service/twitpic.json,
https://tosdr.org/api/1/service/twitter.json,
https://tosdr.org/api/1/service/vbulletin.json,
https://tosdr.org/api/1/service/videobb.json,
https://tosdr.org/api/1/service/whatsapp.json,
https://tosdr.org/api/1/service/wikipedia.json,
https://tosdr.org/api/1/service/wordfeud.json,
https://tosdr.org/api/1/service/wordpress-com.json,
https://tosdr.org/api/1/service/world-of-warcraft.json,
https://tosdr.org/api/1/service/xfire.json,
https://tosdr.org/api/1/service/xing.json,
https://tosdr.org/api/1/service/yahoo.json,
https://tosdr.org/api/1/service/youtube.json,
https://tosdr.org/api/1/service/zoosk.json,
